image_id,image_path,species_name,venom_type,symptoms,reaction_stage,severity_level,first_aid,label_id,hospital_importance
img_001,C:\Users\Purva\snakebite_project\data\images\andaman_cat_snakebite\Andaman-cat-snake-bite1.png,Boiga andamanensis,mildly venomous,Mildly venomous (rear-fanged),"Mild swelling, redness ",Mild,"Wash wound, keep calm, monitor",1,Visit hospital if swelling spreads
img_002,C:\Users\Purva\snakebite_project\data\images\Anoconda_bite\Anoconda_bite.png,Eunectes murinus,non-venomous,Constrictor.,"Deep puncture, bruising",Mild,"Clean wound, stop bleeding",2,Optional unless deep bite
img_003,C:\Users\Purva\snakebite_project\data\images\asian_cobra_bite\asian-cobra-bite1.png,Naja naja,neurotoxins and cytotoxins,"Local pain, swelling, drooping eyelids, blurred vision, difficulty speaking/swallowing/breathing, paralysis, respiratory failure if untreated.","Paralysis, drooping eyelids",Severe,"Keep still, avoid pressure, no tourniquet",3,🚨 Immediate hospital (antivenom critical)
img_004,C:\Users\Purva\snakebite_project\data\images\Ball_python_bite\Ball-python-bite1.png,python regius,non-venomous,"Bite causes puncture wounds, minor bleeding, local swelling. Large individuals can constrict, causing bruises or suffocation risk if around neck/chest.",puncture marks only,Mild,"Wash wound, apply antiseptic",4,Optional
img_005,C:\Users\Purva\snakebite_project\data\images\canebrake's_bite\Canebrake's-bite.png,crotalus horridus,"neurotoxic, hemorrhagic venom","Pain, swelling, bruising, weakness, confusion, bleeding gums, tissue death.","Pain, swelling, bleeding",Severe,"Keep limb still, no ice, no cutting",5,🚨 Emergency treatment
img_006,C:\Users\Purva\snakebite_project\data\images\cape_cobra_snakebite\cape-cobra-bite1.png,Naja nivea,neurotoxic venom,"Rapid paralysis, difficulty breathing, blurred vision, drooping eyelids, potentially fatal within hours if untreated.","Paralysis, breathing failure",Fatal,"Keep still, monitor breathing",6,🏥 Immediate emergency care
img_007,C:\Users\Purva\snakebite_project\data\images\cobra_snakebite\cobra-bite1.jpg,Cobra,neurotoxins and cytotoxins,"Pain, tissue damage or necrosis, paralysis, drowsiness, respiratory failure. Some species (like N. mosambica) cause severe local tissue necrosis.","Minimal local pain; early neuro signs (ptosis, slurred speech)",Severe,"Keep patient still, remove constricting items, calm, monitor breathing",7,🚨 Immediate — antivenom & airway support
img_008,C:\Users\Purva\snakebite_project\data\images\cobra_snakebite\cobra-bite2.jpg,Cobra,neurotoxins and cytotoxins,"Pain, tissue damage or necrosis, paralysis, drowsiness, respiratory failure. Some species (like N. mosambica) cause severe local tissue necrosis.","Minimal local pain; early neuro signs (ptosis, slurred speech)",Severe,"Keep patient still, remove constricting items, calm, monitor breathing",8,🚨 Immediate — antivenom & airway support
img_009,C:\Users\Purva\snakebite_project\data\images\cobra_snakebite\cobra-bite3.jpg,Cobra,neurotoxins and cytotoxins,"Pain, tissue damage or necrosis, paralysis, drowsiness, respiratory failure. Some species (like N. mosambica) cause severe local tissue necrosis.","Minimal local pain; early neuro signs (ptosis, slurred speech)",Severe,"Keep patient still, remove constricting items, calm, monitor breathing",9,🚨 Immediate — antivenom & airway support
img_010,C:\Users\Purva\snakebite_project\data\images\cobra_snakebite\cobra-bite4.jpg,Cobra,neurotoxins and cytotoxins,"Pain, tissue damage or necrosis, paralysis, drowsiness, respiratory failure. Some species (like N. mosambica) cause severe local tissue necrosis.","Minimal local pain; early neuro signs (ptosis, slurred speech)",Severe,"Keep patient still, remove constricting items, calm, monitor breathing",10,🚨 Immediate — antivenom & airway support
img_012,C:\Users\Purva\snakebite_project\data\images\cobra_snakebite\Cobra-bite6.jpg,Cobra,neurotoxins and cytotoxins,"Pain, tissue damage or necrosis, paralysis, drowsiness, respiratory failure. Some species (like N. mosambica) cause severe local tissue necrosis.","Minimal local pain; early neuro signs (ptosis, slurred speech)",Severe,"Keep patient still, remove constricting items, calm, monitor breathing",12,🚨 Immediate — antivenom & airway support
img_013,C:\Users\Purva\snakebite_project\data\images\cobra_snakebite\Cobra-bite7.jpg,Cobra,neurotoxins and cytotoxins,"Pain, tissue damage or necrosis, paralysis, drowsiness, respiratory failure. Some species (like N. mosambica) cause severe local tissue necrosis.","Minimal local pain; early neuro signs (ptosis, slurred speech)",Severe,"Keep patient still, remove constricting items, calm, monitor breathing",13,🚨 Immediate — antivenom & airway support
img_014,C:\Users\Purva\snakebite_project\data\images\cobra_snakebite\Cobra-bite8.jpg,Cobra,neurotoxins and cytotoxins,"Pain, tissue damage or necrosis, paralysis, drowsiness, respiratory failure. Some species (like N. mosambica) cause severe local tissue necrosis.","Minimal local pain; early neuro signs (ptosis, slurred speech)",Severe,"Keep patient still, remove constricting items, calm, monitor breathing",14,🚨 Immediate — antivenom & airway support
img_015,C:\Users\Purva\snakebite_project\data\images\cobra_snakebite\Cobra-bite9.jpg,Cobra,neurotoxins and cytotoxins,"Pain, tissue damage or necrosis, paralysis, drowsiness, respiratory failure. Some species (like N. mosambica) cause severe local tissue necrosis.","Minimal local pain; early neuro signs (ptosis, slurred speech)",Severe,"Keep patient still, remove constricting items, calm, monitor breathing",15,🚨 Immediate — antivenom & airway support
img_016,C:\Users\Purva\snakebite_project\data\images\cobra_snakebite\cobra-bite10.jpg,Cobra,neurotoxins and cytotoxins,"Pain, tissue damage or necrosis, paralysis, drowsiness, respiratory failure. Some species (like N. mosambica) cause severe local tissue necrosis.","Minimal local pain; early neuro signs (ptosis, slurred speech)",Severe,"Keep patient still, remove constricting items, calm, monitor breathing",16,🚨 Immediate — antivenom & airway support
img_017,C:\Users\Purva\snakebite_project\data\images\cobra_snakebite\Cobra-bite11.jpg,Cobra,neurotoxins and cytotoxins,"Pain, tissue damage or necrosis, paralysis, drowsiness, respiratory failure. Some species (like N. mosambica) cause severe local tissue necrosis.","Minimal local pain; early neuro signs (ptosis, slurred speech)",Severe,"Keep patient still, remove constricting items, calm, monitor breathing",17,🚨 Immediate — antivenom & airway support
img_018,C:\Users\Purva\snakebite_project\data\images\cobra_snakebite\Cobra-bite12.jpg,Cobra,neurotoxins and cytotoxins,"Pain, tissue damage or necrosis, paralysis, drowsiness, respiratory failure. Some species (like N. mosambica) cause severe local tissue necrosis.","Minimal local pain; early neuro signs (ptosis, slurred speech)",Severe,"Keep patient still, remove constricting items, calm, monitor breathing",18,🚨 Immediate — antivenom & airway support
img_019,C:\Users\Purva\snakebite_project\data\images\cobra_snakebite\Cobra-bite13.jpg,Cobra,neurotoxins and cytotoxins,"Pain, tissue damage or necrosis, paralysis, drowsiness, respiratory failure. Some species (like N. mosambica) cause severe local tissue necrosis.","Minimal local pain; early neuro signs (ptosis, slurred speech)",Severe,"Keep patient still, remove constricting items, calm, monitor breathing",19,🚨 Immediate — antivenom & airway support
img_020,C:\Users\Purva\snakebite_project\data\images\cobra_snakebite\cobra-bite14.png,Cobra,neurotoxins and cytotoxins,"Pain, tissue damage or necrosis, paralysis, drowsiness, respiratory failure. Some species (like N. mosambica) cause severe local tissue necrosis.","Minimal local pain; early neuro signs (ptosis, slurred speech)",Severe,"Keep patient still, remove constricting items, calm, monitor breathing",20,🚨 Immediate — antivenom & airway support
img_021,C:\Users\Purva\snakebite_project\data\images\cobra_snakebite\cobra-bites15.png,Cobra,neurotoxins and cytotoxins,"Pain, tissue damage or necrosis, paralysis, drowsiness, respiratory failure. Some species (like N. mosambica) cause severe local tissue necrosis.","Minimal local pain; early neuro signs (ptosis, slurred speech)",Severe,"Keep patient still, remove constricting items, calm, monitor breathing",21,🚨 Immediate — antivenom & airway support
img_022,C:\Users\Purva\snakebite_project\data\images\copperhead's_snakebite\copperhead's-bite1.png,Agkistrodon contortrix,hemotoxic and cytotoxic,Painful swelling and redness at bite site with mild nausea or dizziness.,"Pain, swelling, nausea",Moderate,"Wash wound, immobilize limb",22,🏥 Should visit hospital
img_023,C:\Users\Purva\snakebite_project\data\images\egyptian_cobra_snakebite\Egyptian-cobra-bite.png,Naja haje,neurotoxins and cytotoxins venom,"Pain, tissue damage or necrosis, paralysis, drowsiness, respiratory failure. Some species (like N. mosambica) cause severe local tissue necrosis.",Little local swelling; progressive paralysis and respiratory difficulty,Severe/ Potentially fatal,"Keep still, maintain airway, no tourniquet",23,🚨 Immediate — urgent antivenom & respiratory support
img_024,C:\Users\Purva\snakebite_project\data\images\emralnd_boas_snakebite\emralnd-boas-bite1.png,Corallus caninus,non-venomous,"Bite causes puncture wounds, minor bleeding, local swelling. Large individuals can constrict, causing bruises or suffocation risk if around neck/chest.","Puncture wounds, mild local swelling; constriction behavior (non-venom)",Mild,"Clean wound, apply antiseptic, monitor for infection",24,✅ Visit if deep wound or infection
img_025,C:\Users\Purva\snakebite_project\data\images\eyelash_vipers_snakebite\Eyelash-vipers-bite1.png,Bothriechis schlegelii,mix of hemotoxins and neurotoxins,"Severe pain, swelling, and bleeding with possible tissue damage.","Severe pain, bleeding, blistering",Severe,"Keep calm, immobilize limb",25,🚨 Emergency hospital care
img_026,C:\Users\Purva\snakebite_project\data\images\green_cateye_snakebite\green-cateye-snake-bite1.png,Boiga cyanea,rear fangs(hemotoxic properties),Mildly venomous (rear-fanged),Local swelling,Mild,Clean wound,26,Visit hospital if allergic reaction
img_027,C:\Users\Purva\snakebite_project\data\images\green_rat_snakebite\green_rat_snake.jpg,Ptyas nigromarginata,non-venomous,Non-venoumous,Minor local pain or bleeding; rarely systemic signs,Mild,"Clean wound, apply antiseptic, observe",27,Optional — visit if symptoms worsen
img_028,C:\Users\Purva\snakebite_project\data\images\grey_cat_snakebite\Grey-cat-snake-bite1.png,Boiga siamensis,mildly venomous,Mildly venomous (rear-fanged),"Local pain, mild swelling; rare mild systemic effects",Moderate,"Clean wound, immobilize limb, monitor for spreading swelling",28,👍 Strongly advised if swelling spreads or systemic signs
img_029,C:\Users\Purva\snakebite_project\data\images\grey_cat_snakebite\Grey-cat-snake-bite2.png,Boiga Siamensis,mildly venomous,Mildly venomous (rear-fanged),"Local pain, mild swelling; rare mild systemic effects",Moderate,"Clean wound, immobilize limb, monitor for spreading swelling",29,👍 Strongly advised if swelling spreads or systemic signs
img_030,C:\Users\Purva\snakebite_project\data\images\hog_island_boa_snakebite\hog-island-boa-bite.png,Boa imperator,non-venomous,can cause bruises or suffocation,"Puncture wounds, bruising; no envenomation",Mild,"Clean, antiseptic, watch for infection",30,Optional — only if deep/complicated wound
img_031,C:\Users\Purva\snakebite_project\data\images\indian_cobra_snakebite\Indian-cobra-bite2.png,Naja naja,"neurotoxin, cardiotoxins","Local pain, swelling, drooping eyelids, blurred vision, difficulty speaking/swallowing/breathing, paralysis, respiratory failure if untreated.","Paralysis, drooping eyelids",Severe,"Keep still, avoid pressure, no tourniquet",31,🚨 Immediate hospital (antivenom critical)
img_032,C:\Users\Purva\snakebite_project\data\images\indian_egg_easter's_snakebite\Indian-egg-easter's-bite1.png,Elachistodon westermanni,non-venomous,Non-venoumous,Small superficial punctures; minimal swelling,Mild,"Clean wound, antiseptic, observe",32,Optional — visit if infection or allergy
img_033,C:\Users\Purva\snakebite_project\data\images\jamaican_boas_snakebite\jamaican-boas-bite.png,Epicrates subflavus,non-venomous,Non-venoumous,"Puncture wounds, mild swelling; low systemic risk",Mild,"Clean, antiseptic, monitor",33,Optional — visit if swelling/infection
img_034,C:\Users\Purva\snakebite_project\data\images\javan_spitting_cobra_snakebite\javan-spitting-cobra-bite.png,Naja sputatrix," 3FTXs(short neurotoxins, phospholipase A2 enzymes) ","Pain, tissue damage or necrosis, paralysis, drowsiness, respiratory failure. Some species (like N. mosambica) cause severe local tissue necrosis.",Little local pain; progressive neuro signs possible,Severe,"Keep still, airway monitoring, avoid ingestion of anything",34,🚨 Immediate hospital for antivenom & respiratory support
img_035,C:\Users\Purva\snakebite_project\data\images\king_cobra_snakebite\king-cobra-bite1.png,Ophiophagus hannah,"3FTx, SVMPs","Severe pain, dizziness, blurred vision, paralysis, drowsiness, potential cardiac/respiratory arrest.","Rapid paralysis, drowsiness",Fatal/ Very severe,"Keep still, monitor airway, CPR if needed",35,🚨 Immediate — antivenom & intensive care vital
img_036,C:\Users\Purva\snakebite_project\data\images\krait_snakebite\krait_bite1.jpg,Bungarus caeruleus,neurotoxic venom (B-bungarotoxin),"Little or no pain/swelling initially, but within hours: abdominal pain, paralysis, drooping eyelids, inability to speak/breathe, coma if untreated","No pain, later paralysis",Fatal,"Keep still, monitor breathing",36,🚨 Critical emergency
img_037,C:\Users\Purva\snakebite_project\data\images\Madagascar_tree_boa_snakebite\Madagascar-tree-boa-bite1.png,Sanzinia madagascariensis,non-venomous,can cause bruises or suffocation,"Puncture wounds, local swelling; no venom effects",Mild,"Clean wound, antiseptic, observe",37,Optional — seek care if infection
img_038,C:\Users\Purva\snakebite_project\data\images\malayan_blue_coral_snakebite\Malayan-blue-coral-snake-bite1.png,calliophis bivirgata,"phospholipase A2, cytotoxin, SVMPs, vespryns","Immediate pain, muscle rigidity, spasms, respiratory paralysis, cardiac arrest (fast-acting venom).","Muscle spasms, paralysis",Fatal,"Keep still, CPR if breathing stops",38,🚨 Immediate antivenom
img_039,C:\Users\Purva\snakebite_project\data\images\monocled_cobra_snakebite\Monocled-cobra-bite1.jpg,Naja kaouthia,neurotoxins and cytotoxins venom,"Pain, tissue damage or necrosis, paralysis, drowsiness, respiratory failure. Some species (like N. mosambica) cause severe local tissue necrosis.","Minimal local swelling; progressive neuro signs (ptosis, dysphagia)",Severe,"Keep calm, monitor breathing, immobilize limb",39,🚨 Immediate antivenom & respiratory support
img_040,C:\Users\Purva\snakebite_project\data\images\monocled_cobra_snakebite\Monocled-cobra-bite2.png,Naja kaouthia,neurotoxins and cytotoxins venom,"Pain, tissue damage or necrosis, paralysis, drowsiness, respiratory failure. Some species (like N. mosambica) cause severe local tissue necrosis.","Minimal local swelling; progressive neuro signs (ptosis, dysphagia)",Severe,"Keep calm, monitor breathing, immobilize limb",40,🚨 Immediate antivenom & respiratory support
img_041,C:\Users\Purva\snakebite_project\data\images\mozombique_cobra_snakebite\Mozambique-cobra-bite1.png,Naja mosambica,cytotoxins and neurotoxins,"Pain, tissue damage or necrosis, paralysis, drowsiness, respiratory failure. Some species (like N. mosambica) cause severe local tissue necrosis.","Little local pain; early neuro signs, possible tissue necrosis in some cases",Severe,"Keep still, monitor airway, avoid tourniquet",41,🚨 Immediate hospital — antivenom
img_042,C:\Users\Purva\snakebite_project\data\images\nubuan_spitting_cobra_snakebite\Nubuan-spitting-cobra-bite1.png,Naja nubiae,neurotoxins and cytotoxins venom,"Pain, tissue damage or necrosis, paralysis, drowsiness, respiratory failure. Some species (like N. mosambica) cause severe local tissue necrosis.",Minimal local effects; systemic neurotoxicity (paralysis),Severe,"Keep patient calm, airway ready",42,🚨 Urgent antivenom and respiratory support
img_043,C:\Users\Purva\snakebite_project\data\images\ornate_flying_snakebite\Ornate-flying-snake-bite1.png,Chrysopelea ornata,rear-fanged,Mild rear-fanged venom,Small punctures; mild local irritation or numbness,Mild,"Clean wound, antiseptic, observe",43,Optional — seek care if allergic reaction
img_044,C:\Users\Purva\snakebite_project\data\images\python_snakebite\Python-bite1.jpg,Python,non-venomous,Bite can cause bruises or suffocation,Puncture marks only,Mild,"Wash wound, apply antiseptic",44,✅ Visit hospital only if bleeding is heavy or wound is deep/infected
img_045,C:\Users\Purva\snakebite_project\data\images\python_snakebite\Python-bite2.jpg,Python,non-venomous,Bite can cause bruises or suffocation,Puncture marks only,Mild,"Wash wound, apply antiseptic",45,✅ Visit hospital only if bleeding is heavy or wound is deep/infected
img_046,C:\Users\Purva\snakebite_project\data\images\rainbow_boa_snakebite\Rainbow-boa-snakebite1.png,Epicrates cenchria,non-venomous,Bite can cause bruises or suffocation,"Bite punctures, localized swelling/bruising; no systemic envenoming",Mild,"Clean, antiseptic, monitor",46,Optional — visit if signs of infection
img_047,C:\Users\Purva\snakebite_project\data\images\rat_snakebite\rat_snake1.jpg,Colubridae,non-venomous,Most are non-venomous,"Most: minor local pain, possible mild swelling",Mild,"Clean wound, antiseptic, observe for allergy",47,Optional — hospital if systemic signs or severe swelling
img_048,C:\Users\Purva\snakebite_project\data\images\red_bellied_black_snakebite\Red-bellied-black-snake-bite1.png,pseudechis porphyriacus,myotoxic and neurotoxic venom,"Local pain, headache, nausea, sweating, muscle damage, mild paralysis possible.","Local pain, headache, nausea; possible muscle pain and systemic upset",Moderate to Severe,"Keep still, monitor vitals, do not cut/suck",48,🏥 Seek hospital — antivenom may be required
img_049,C:\Users\Purva\snakebite_project\data\images\red_boa_snakebite\red-boa-snake-bite1.png,Boa constrictor,non-venomous,Bite can cause bruises or suffocation,"Puncture wounds, bruising",Mild,"Clean, apply antiseptic",49,Not necessary unless infected
img_050,C:\Users\Purva\snakebite_project\data\images\rena_dulcis_snakebite\Rena-dulcis-bite1.png,Leptotyphlops dulcis,non-venomous,Harmless,Too small to penetrate skin effectively; negligible signs,None/ Negligible,No treatment needed; clean if any abrasion,50,No treatment needed; clean if any abrasion
img_051,C:\Users\Purva\snakebite_project\data\images\rubber_boa_snakebite\Rubber-boa-snake-bite1.png,Charina bottae,non-venomous,Non-venoumous,"Superficial bite, mild pain if any",Mild,"Clean wound, antiseptic, observe",51,"Clean wound, antiseptic, observe"
img_052,C:\Users\Purva\snakebite_project\data\images\rufous_beaked_snakebite\Rufous-beaked-snake-bite1.png,Rhamphiophis oxyrhynchus,neurotoxic and hemorrhagic venom,Mild rear-fanged venom,"Local irritation, mild swelling; rarely wider effects",Mild to Moderate,"Clean, immobilize limb, observe for worsening",52,"Clean, immobilize limb, observe for worsening"
img_053,C:\Users\Purva\snakebite_project\data\images\Russell's_viper_snakebite\russell's_viper-bite1.webp,Daboia russelii,hemotoxins and nephrotoxins venom,"Extreme pain, swelling, blistering, internal bleeding, low blood pressure, kidney failure, coagulopathy","Swelling, internal bleeding",Fatal,"Lay flat, calm, no pressure",53,🚨 Immediate hospital
img_054,C:\Users\Purva\snakebite_project\data\images\Russell's_viper_snakebite\Russells-viper-bite2.jpg,Daboia russelii,hemotoxins and nephrotoxins venom,"Extreme pain, swelling, blistering, internal bleeding, low blood pressure, kidney failure, coagulopathy","Swelling, internal bleeding",Fatal,"Lay flat, calm, no pressure",54,🚨 Immediate hospital
img_055,C:\Users\Purva\snakebite_project\data\images\Russell's_viper_snakebite\Russells-viper-bite3.jpg,Daboia russelii,hemotoxins and nephrotoxins venom,"Extreme pain, swelling, blistering, internal bleeding, low blood pressure, kidney failure, coagulopathy","Swelling, internal bleeding",Fatal,"Lay flat, calm, no pressure",55,🚨 Immediate hospital
img_056,C:\Users\Purva\snakebite_project\data\images\Russell's_viper_snakebite\Russells-viper-bite4.jpg,Daboia russelii,hemotoxins and nephrotoxins venom,"Extreme pain, swelling, blistering, internal bleeding, low blood pressure, kidney failure, coagulopathy","Swelling, internal bleeding",Fatal,"Lay flat, calm, no pressure",56,🚨 Immediate hospital
img_057,C:\Users\Purva\snakebite_project\data\images\sand_boa_snakebite\Sand-boa-snake-bite1.png,Eryx,non-venomous,Non-venoumous,"Superficial punctures, local swelling",Mild,"Clean, antiseptic, observe",57,Optional
img_058,C:\Users\Purva\snakebite_project\data\images\tawny_cat_snakebite\Tawny-cat-snake-bite1.png,Boiga ochracea,mildly venomous,Mildly venomous (rear-fanged),"Local pain, mild swelling; rare mild systemic signs",Mild to Moderate,"Clean wound, immobilize, monitor",58,Visit if swelling or systemic signs appear
img_059,C:\Users\Purva\snakebite_project\data\images\texas_coral_snakebite\Texas-coral-snake-bite1.png,Micrurus tener,neurotoxin and myotoxin venom,"Mild local pain, then delayed paralysis, slurred speech, respiratory failure in severe cases",Little local pain; delayed neuro paralysis (hours),Severe/ Potentially fatal,"Keep still, monitor breathing, do NOT use tourniquet",59,🚨 Immediate hospital — antivenom & respiratory support
img_060,C:\Users\Purva\snakebite_project\data\images\western_blind_snakebite\western-blind-snake-bite1.png,Rena humilis,non-venomous,Harmless,Too small for effective bite; negligible signs,None/ Negligible,No treatment generally,60,Not required
img_061,C:\Users\Purva\snakebite_project\data\images\yellow_cobra_snakebite\yellow-cobra-snake-bite1.png,Cape cobra,neurotoxic venom,Rapid paralysis and breathing difficulty with little or no local swelling.,"Paralysis, breathing failure",Fatal,"Keep still, monitor breathing",61,🏥 Immediate emergency care
img_062,C:\Users\Purva\snakebite_project\data\images\arthropod_bite\arthropod_bite_blister.jpg,"Various Insects (e.g, Mosquitoes, Fleas, Bed Bugs)","Saliva (proteins, anticoagulants)","Itchy, red, raised bump(wheal). Sometimes a blister",Immediate → 1–48 hour,Low (local irritation); Worst: allergic/local infection,"Clean with soap & water, cold compress, oral antihistamine for itch, monitor for spread/infection",62,visit hospital if infection or spreading rash
img_063,C:\Users\Purva\snakebite_project\data\images\arthropod_bite\arthropod_bite1.jpg,"Various Insects (e.g, Mosquitoes, Fleas, Bed Bugs)","Saliva (proteins, anticoagulants)","Itchy, red, raised bump(wheal). Sometimes a blister",Immediate → 1–48 hour,Low (local irritation); Worst: allergic/local infection,"Clean with soap & water, cold compress, oral antihistamine for itch, monitor for spread/infection",63,visit hospital if infection or spreading rash
img_064,C:\Users\Purva\snakebite_project\data\images\arthropod_bite\arthropod_bite2.jpg,"Various Insects (e.g, Mosquitoes, Fleas, Bed Bugs)","Saliva (proteins, anticoagulants)","Itchy, red, raised bump(wheal). Sometimes a blister",Immediate → 1–48 hour,Low (local irritation); Worst: allergic/local infection,"Clean with soap & water, cold compress, oral antihistamine for itch, monitor for spread/infection",64,visit hospital if infection or spreading rash
img_065,C:\Users\Purva\snakebite_project\data\images\arthropod_bite\arthropod_bite3.jpg,"Various Insects (e.g, Mosquitoes, Fleas, Bed Bugs)","Saliva (proteins, anticoagulants)","Itchy, red, raised bump(wheal). Sometimes a blister",Immediate → 1–48 hour,Low (local irritation); Worst: allergic/local infection,"Clean with soap & water, cold compress, oral antihistamine for itch, monitor for spread/infection",65,visit hospital if infection or spreading rash
img_066,C:\Users\Purva\snakebite_project\data\images\arthropod_bite\arthropod_bite4.jpg,"Various Insects (e.g, Mosquitoes, Fleas, Bed Bugs)","Saliva (proteins, anticoagulants)","Itchy, red, raised bump(wheal). Sometimes a blister",Immediate → 1–48 hour,Low (local irritation); Worst: allergic/local infection,"Clean with soap & water, cold compress, oral antihistamine for itch, monitor for spread/infection",66,visit hospital if infection or spreading rash
img_067,C:\Users\Purva\snakebite_project\data\images\arthropod_bite\arthropod_bite5.jpg,"Various Insects (e.g, Mosquitoes, Fleas, Bed Bugs)","Saliva (proteins, anticoagulants)","Itchy, red, raised bump(wheal). Sometimes a blister",Immediate → 1–48 hour,Low (local irritation); Worst: allergic/local infection,"Clean with soap & water, cold compress, oral antihistamine for itch, monitor for spread/infection",67,visit hospital if infection or spreading rash
img_068,C:\Users\Purva\snakebite_project\data\images\arthropod_bite\arthropod_bite6.jpg,"Various Insects (e.g, Mosquitoes, Fleas, Bed Bugs)","Saliva (proteins, anticoagulants)","Itchy, red, raised bump(wheal). Sometimes a blister",Immediate → 1–48 hour,Low (local irritation); Worst: allergic/local infection,"Clean with soap & water, cold compress, oral antihistamine for itch, monitor for spread/infection",68,visit hospital if infection or spreading rash
img_069,C:\Users\Purva\snakebite_project\data\images\arthropod_bite\arthropod_bite7.jpg,"Various Insects (e.g, Mosquitoes, Fleas, Bed Bugs)","Saliva (proteins, anticoagulants)","Itchy, red, raised bump(wheal). Sometimes a blister",Immediate → 1–48 hour,Low (local irritation); Worst: allergic/local infection,"Clean with soap & water, cold compress, oral antihistamine for itch, monitor for spread/infection",69,visit hospital if infection or spreading rash
img_070,C:\Users\Purva\snakebite_project\data\images\bee_sting\bee_Sting_eye1.jpg,Apis mellifera,Cytotoxic and Necrotic Venom,"sharp, burning pain. Instant redness, swelling and itching around the site ",Immediate (seconds→minutes); swelling peaks hours,Worst: Anaphylaxis (life-threatening),"Remove visible stinger (scrape), wash area, cold pack, oral antihistamine/analgesic; if severe facial/airway swelling or breathing issues, use epinephrine if available and call emergency services.",70,Seek hospital — stings near eyes or face can swell dangerously
img_071,C:\Users\Purva\snakebite_project\data\images\bee_sting\bee_Sting_eye2.jpg,Apis mellifera,Cytotoxic and Necrotic Venom,"sharp, burning pain. Instant redness, swelling and itching around the site ",Immediate (seconds→minutes); swelling peaks hours,Worst: Anaphylaxis (life-threatening),"Remove visible stinger (scrape), wash area, cold pack, oral antihistamine/analgesic; if severe facial/airway swelling or breathing issues, use epinephrine if available and call emergency services.",71,Seek hospital — stings near eyes or face can swell dangerously
img_072,C:\Users\Purva\snakebite_project\data\images\bee_sting\bee_Sting_eye5.jpg,Apis mellifera,Cytotoxic and Necrotic Venom,"sharp, burning pain. Instant redness, swelling and itching around the site ",Immediate (seconds→minutes); swelling peaks hours,Worst: Anaphylaxis (life-threatening),"Remove visible stinger (scrape), wash area, cold pack, oral antihistamine/analgesic; if severe facial/airway swelling or breathing issues, use epinephrine if available and call emergency services.",72,Seek hospital — stings near eyes or face can swell dangerously
img_073,C:\Users\Purva\snakebite_project\data\images\bee_sting\bee_Sting_lips1.jpg,Apis mellifera,Cytotoxic and Necrotic Venom,"sharp, burning pain. Instant redness, swelling and itching around the site ",Immediate (seconds→minutes); swelling peaks hours,Worst: Anaphylaxis (life-threatening),"Remove visible stinger (scrape), wash area, cold pack, oral antihistamine/analgesic; if severe facial/airway swelling or breathing issues, use epinephrine if available and call emergency services.",73,Seek hospital — stings near eyes or face can swell dangerously
img_074,C:\Users\Purva\snakebite_project\data\images\bee_sting\bee_sting_reaction.jpg,Apis mellifera,Cytotoxic and Necrotic Venom,"sharp, burning pain. Instant redness, swelling and itching around the site ",Immediate (seconds→minutes); swelling peaks hours,Worst: Anaphylaxis (life-threatening),"Remove visible stinger (scrape), wash area, cold pack, oral antihistamine/analgesic; if severe facial/airway swelling or breathing issues, use epinephrine if available and call emergency services.",74,Seek hospital — stings near eyes or face can swell dangerously
img_075,C:\Users\Purva\snakebite_project\data\images\bee_sting\Bee_Sting.jpg,Apis mellifera,Cytotoxic and Necrotic Venom,"sharp, burning pain. Instant redness, swelling and itching around the site ",Immediate (seconds→minutes); swelling peaks hours,Worst: Anaphylaxis (life-threatening),"Remove visible stinger (scrape), wash area, cold pack, oral antihistamine/analgesic; if severe facial/airway swelling or breathing issues, use epinephrine if available and call emergency services.",75,Seek hospital — airway
img_076,C:\Users\Purva\snakebite_project\data\images\bee_sting\bee_Sting2.jpg,Apis mellifera,Cytotoxic and Necrotic Venom,"sharp, burning pain. Instant redness, swelling and itching around the site ",Immediate (seconds→minutes); swelling peaks hours,Worst: Anaphylaxis (life-threatening),"Remove visible stinger (scrape), wash area, cold pack, oral antihistamine/analgesic; if severe facial/airway swelling or breathing issues, use epinephrine if available and call emergency services.",76,Seek hospital — airway
img_077,C:\Users\Purva\snakebite_project\data\images\bee_sting\bee_Sting3.jpg,Apis mellifera,Cytotoxic and Necrotic Venom,"sharp, burning pain. Instant redness, swelling and itching around the site ",Immediate (seconds→minutes); swelling peaks hours,Worst: Anaphylaxis (life-threatening),"Remove visible stinger (scrape), wash area, cold pack, oral antihistamine/analgesic; if severe facial/airway swelling or breathing issues, use epinephrine if available and call emergency services.",77,Seek hospital — airway
img_078,C:\Users\Purva\snakebite_project\data\images\bee_sting\bee_Sting4.jpg,Apis mellifera,Cytotoxic and Necrotic Venom,"sharp, burning pain. Instant redness, swelling and itching around the site ",Immediate (seconds→minutes); swelling peaks hours,Worst: Anaphylaxis (life-threatening),"Remove visible stinger (scrape), wash area, cold pack, oral antihistamine/analgesic; if severe facial/airway swelling or breathing issues, use epinephrine if available and call emergency services.",78,Seek hospital — airway
img_079,C:\Users\Purva\snakebite_project\data\images\bee_sting\bee_Sting5.jpg,Apis mellifera,Cytotoxic and Necrotic Venom,"sharp, burning pain. Instant redness, swelling and itching around the site ",Immediate (seconds→minutes); swelling peaks hours,Worst: Anaphylaxis (life-threatening),"Remove visible stinger (scrape), wash area, cold pack, oral antihistamine/analgesic; if severe facial/airway swelling or breathing issues, use epinephrine if available and call emergency services.",79,Seek hospital — airway
img_080,C:\Users\Purva\snakebite_project\data\images\bee_sting\bee_Sting6.jpg,Apis mellifera,Cytotoxic and Necrotic Venom,"sharp, burning pain. Instant redness, swelling and itching around the site ",Immediate (seconds→minutes); swelling peaks hours,Worst: Anaphylaxis (life-threatening),"Remove visible stinger (scrape), wash area, cold pack, oral antihistamine/analgesic; if severe facial/airway swelling or breathing issues, use epinephrine if available and call emergency services.",80,Seek hospital — airway
img_081,C:\Users\Purva\snakebite_project\data\images\bee_sting\bee_Sting7.jpg,Apis mellifera,Cytotoxic and Necrotic Venom,"sharp, burning pain. Instant redness, swelling and itching around the site ",Immediate (seconds→minutes); swelling peaks hours,Worst: Anaphylaxis (life-threatening),"Remove visible stinger (scrape), wash area, cold pack, oral antihistamine/analgesic; if severe facial/airway swelling or breathing issues, use epinephrine if available and call emergency services.",81,Seek hospital — airway
img_082,C:\Users\Purva\snakebite_project\data\images\bee_sting\bee_Sting8.jpg,Apis mellifera,Cytotoxic and Necrotic Venom,"sharp, burning pain. Instant redness, swelling and itching around the site ",Immediate (seconds→minutes); swelling peaks hours,Worst: Anaphylaxis (life-threatening),"Remove visible stinger (scrape), wash area, cold pack, oral antihistamine/analgesic; if severe facial/airway swelling or breathing issues, use epinephrine if available and call emergency services.",82,Seek hospital — airway
img_083,C:\Users\Purva\snakebite_project\data\images\bee_sting\bee_Sting9.jpg,Apis mellifera,Cytotoxic and Necrotic Venom,"sharp, burning pain. Instant redness, swelling and itching around the site ",Immediate (seconds→minutes); swelling peaks hours,Worst: Anaphylaxis (life-threatening),"Remove visible stinger (scrape), wash area, cold pack, oral antihistamine/analgesic; if severe facial/airway swelling or breathing issues, use epinephrine if available and call emergency services.",83,Seek hospital — airway
img_084,C:\Users\Purva\snakebite_project\data\images\bee_sting\bee_sting10.jpg,Apis mellifera,Cytotoxic and Necrotic Venom,"sharp, burning pain. Instant redness, swelling and itching around the site ",Immediate (seconds→minutes); swelling peaks hours,Worst: Anaphylaxis (life-threatening),"Remove visible stinger (scrape), wash area, cold pack, oral antihistamine/analgesic; if severe facial/airway swelling or breathing issues, use epinephrine if available and call emergency services.",84,Seek hospital — airway
img_085,C:\Users\Purva\snakebite_project\data\images\bee_sting\bee_Sting11.jpg,Apis mellifera,Cytotoxic and Necrotic Venom,"sharp, burning pain. Instant redness, swelling and itching around the site ",Immediate (seconds→minutes); swelling peaks hours,Worst: Anaphylaxis (life-threatening),"Remove visible stinger (scrape), wash area, cold pack, oral antihistamine/analgesic; if severe facial/airway swelling or breathing issues, use epinephrine if available and call emergency services.",85,Seek hospital — airway
img_086,C:\Users\Purva\snakebite_project\data\images\bee_sting\bee_Stings_eye4.jpg,Apis mellifera,Cytotoxic and Necrotic Venom,"sharp, burning pain. Instant redness, swelling and itching around the site ",Immediate (seconds→minutes); swelling peaks hours,Worst: Anaphylaxis (life-threatening),"Remove visible stinger (scrape), wash area, cold pack, oral antihistamine/analgesic; if severe facial/airway swelling or breathing issues, use epinephrine if available and call emergency services.",86,Seek hospital — stings near eyes or face can swell dangerously
img_087,C:\Users\Purva\snakebite_project\data\images\bee_sting\bee-stings-on-the-eye.jpg,Apis mellifera,Cytotoxic and Necrotic Venom,"sharp, burning pain. Instant redness, swelling and itching around the site ",Immediate (seconds→minutes); swelling peaks hours,Worst: Anaphylaxis (life-threatening),"Remove visible stinger (scrape), wash area, cold pack, oral antihistamine/analgesic; if severe facial/airway swelling or breathing issues, use epinephrine if available and call emergency services.",87,Seek hospital — stings near eyes or face can swell dangerously
img_088,C:\Users\Purva\snakebite_project\data\images\black_widow_bite\black_widow_bite1.jpg,Latrodectus mactans and others,Neurotoxic Venom (alpha-latrotoxin),"""Pinprick"" bite that may develop into two fang marks",Immediate → hours,"Severe systemic envenomation (muscle spasm, autonomic instability)","Clean wound, cold pack for local pain, keep patient calm; seek medical care — analgesia, monitoring; antivenom may be given in severe cases",88,🚨 Immediate hospital — antivenom + muscle spasm monitoring
img_089,C:\Users\Purva\snakebite_project\data\images\black_widow_bite\black_widow_bite2.jpg,Latrodectus mactans and others,Neurotoxic Venom (alpha-latrotoxin),"""Pinprick"" bite that may develop into two fang marks",Immediate → hours,"Severe systemic envenomation (muscle spasm, autonomic instability)","Clean wound, cold pack for local pain, keep patient calm; seek medical care — analgesia, monitoring; antivenom may be given in severe cases",89,🚨 Immediate hospital — antivenom + muscle spasm monitoring
img_090,C:\Users\Purva\snakebite_project\data\images\black_widow_bite\black_widow_bite3.jpg,Latrodectus mactans and others,Neurotoxic Venom (alpha-latrotoxin),"""Pinprick"" bite that may develop into two fang marks",Immediate → hours,"Severe systemic envenomation (muscle spasm, autonomic instability)","Clean wound, cold pack for local pain, keep patient calm; seek medical care — analgesia, monitoring; antivenom may be given in severe cases",90,🚨 Immediate hospital — antivenom + muscle spasm monitoring
img_091,C:\Users\Purva\snakebite_project\data\images\brown_recluse_bite\brown_recluse_bite1.jpg,Loxosceles reclusa,Cytotoxic and Hemotoxic venom,"Often painless initially. Redness and a ""bullseye"" pattern may appear",Often delayed: 24–72+ hours for necrosis,"Worst: Necrotic lesion, secondary infection, systemic hemolysis (rare)","Wash with soap & water, cold compress, keep limb elevated, monitor closely; seek medical evaluation early for wound care and follow-up",91,"🏥 Seek hospital — necrosis risk, requires monitoring"
img_092,C:\Users\Purva\snakebite_project\data\images\brown_widow_bite\brown_widow_bite1.jpg,Latrodectus geometricus,Neurotoxic Venom,"painful bite, possible muscle cramps and sweating",Immediate → hours,Worst: Moderate systemic effects,"Clean wound, cold compress, analgesia, medical evaluation if systemic signs occur",92,
img_093,C:\Users\Purva\snakebite_project\data\images\brown_widow_bite\brown_widow_bite2.jpg,Latrodectus geometricus,Neurotoxic Venom,"painful bite, possible muscle cramps and sweating",Immediate → hours,Worst: Moderate systemic effects,"Clean wound, cold compress, analgesia, medical evaluation if systemic signs occur",93,
img_094,C:\Users\Purva\snakebite_project\data\images\cheiracanthium_bite\Cheiracanthium_bite1.jpg,Cheiracanthium spp.,Cytotoxic Venom,Immediate burning sensation. Redness and swelling. Can develop a blister or small ucler,Immediate → hours,"Low (painful bite, mild inflammation)","Clean with soap & water, cold pack, analgesics, antihistamine for itch; see clinician if worsening",94,visit if severe burning or ulcer 
img_095,C:\Users\Purva\snakebite_project\data\images\cheiracanthium_bite\Cheiracanthium_furculatum_bite.jpg,Cheiracanthium spp.,Cytotoxic Venom,Immediate burning sensation. Redness and swelling. Can develop a blister or small ucler,Immediate → hours,"Low (painful bite, mild inflammation)","Clean with soap & water, cold pack, analgesics, antihistamine for itch; see clinician if worsening",95,visit if severe burning or ulcer 
img_096,C:\Users\Purva\snakebite_project\data\images\cheiracanthium_bite\Cheiracanthium_punctorium_after_bite.jpg,Cheiracanthium spp.,Cytotoxic Venom,Immediate burning sensation. Redness and swelling. Can develop a blister or small ucler,Immediate → hours,"Low (painful bite, mild inflammation)","Clean with soap & water, cold pack, analgesics, antihistamine for itch; see clinician if worsening",96,visit if severe burning or ulcer 
img_097,C:\Users\Purva\snakebite_project\data\images\cheiracanthium_bite\Cheiracanthium_punctorium_after_bite2.jpg,Cheiracanthium spp.,Cytotoxic Venom,Immediate burning sensation. Redness and swelling. Can develop a blister or small ucler,Immediate → hours,"Low (painful bite, mild inflammation)","Clean with soap & water, cold pack, analgesics, antihistamine for itch; see clinician if worsening",97,visit if severe burning or ulcer 
img_098,C:\Users\Purva\snakebite_project\data\images\fire_ant_bite\fire_ant_bites1.jpg,Solenopsis invicta,Alkaloid Venom,Intense burning and itching,Immediate pain → pustules form within hours,Anaphylaxis or widespread stings → systemic collapse,"Remove ants, wash, cold compress, oral antihistamine, topical steroid for itch; monitor for allergic reaction",98,hospital only if anaphylaxis or large-area swelling
img_099,C:\Users\Purva\snakebite_project\data\images\fire_ant_bite\fire_ant_bites2.jpg,Solenopsis invicta,Alkaloid Venom,Intense burning and itching,Immediate pain → pustules form within hours,Anaphylaxis or widespread stings → systemic collapse,"Remove ants, wash, cold compress, oral antihistamine, topical steroid for itch; monitor for allergic reaction",99,Optional — hospital only if anaphylaxis or large-area swelling
img_100,C:\Users\Purva\snakebite_project\data\images\fire_ant_bite\fire_ant_bites3.jpg,Solenopsis invicta,Alkaloid Venom,Intense burning and itching,Immediate pain → pustules form within hours,Anaphylaxis or widespread stings → systemic collapse,"Remove ants, wash, cold compress, oral antihistamine, topical steroid for itch; monitor for allergic reaction",100,Optional — hospital only if anaphylaxis or large-area swelling
img_101,C:\Users\Purva\snakebite_project\data\images\fire_ant_bite\fire_ant_bites4(solenopsis invicta).jpg,Solenopsis invicta,Alkaloid Venom,Intense burning and itching,Immediate pain → pustules form within hours,Anaphylaxis or widespread stings → systemic collapse,"Remove ants, wash, cold compress, oral antihistamine, topical steroid for itch; monitor for allergic reaction",101,Optional — hospital only if anaphylaxis or large-area swelling
img_102,C:\Users\Purva\snakebite_project\data\images\fire_ant_bite\fire_ant_bites5.jpg,Solenopsis invicta,Alkaloid Venom,Intense burning and itching,Immediate pain → pustules form within hours,Anaphylaxis or widespread stings → systemic collapse,"Remove ants, wash, cold compress, oral antihistamine, topical steroid for itch; monitor for allergic reaction",102,Optional — hospital only if anaphylaxis or large-area swelling
img_103,C:\Users\Purva\snakebite_project\data\images\fire_ant_bite\imported_fire_ant_bites2.jpg,Solenopsis invicta,Alkaloid Venom,Intense burning and itching,Immediate pain → pustules form within hours,Anaphylaxis or widespread stings → systemic collapse,"Remove ants, wash, cold compress, oral antihistamine, topical steroid for itch; monitor for allergic reaction",103,Optional — hospital only if anaphylaxis or large-area swelling
img_104,C:\Users\Purva\snakebite_project\data\images\honeybee_sting\honeyBee_Sting.jpg,Apis mellifera,Cytotoxic and Necrotic Venom,"Sharp, burning pain. Instant redness, swelling and itching around the site ",Immediate → hours,Anaphylaxis,"Remove stinger, wash, cold compress, antihistamine/analgesic; epinephrine if anaphylaxis",104,"visit hospital only if:breathing difficulty, severe swelling, stinger in eye or throat, Otherwise: home care is enough"
img_105,C:\Users\Purva\snakebite_project\data\images\honeybee_sting\honeyBee_Sting2.jpg,Apis mellifera,Cytotoxic and Necrotic Venom,"Sharp, burning pain. Instant redness, swelling and itching around the site ",Immediate → hours,Anaphylaxis,"Remove stinger, wash, cold compress, antihistamine/analgesic; epinephrine if anaphylaxis",105,"visit hospital only if:breathing difficulty, severe swelling, stinger in eye or throat, Otherwise: home care is enough"
img_106,C:\Users\Purva\snakebite_project\data\images\honeybee_sting\honeyBee_Sting3.jpg,Apis mellifera,Cytotoxic and Necrotic Venom,"Sharp, burning pain. Instant redness, swelling and itching around the site ",Immediate → hours,Anaphylaxis,"Remove stinger, wash, cold compress, antihistamine/analgesic; epinephrine if anaphylaxis",106,"visit hospital only if:breathing difficulty, severe swelling, stinger in eye or throat, Otherwise: home care is enough"
img_107,C:\Users\Purva\snakebite_project\data\images\honeybee_sting\honeyBee_Sting4.jpg,Apis mellifera,Cytotoxic and Necrotic Venom,"Sharp, burning pain. Instant redness, swelling and itching around the site ",Immediate → hours,Anaphylaxis,"Remove stinger, wash, cold compress, antihistamine/analgesic; epinephrine if anaphylaxis",107,"visit hospital only if:breathing difficulty, severe swelling, stinger in eye or throat, Otherwise: home care is enough"
img_108,C:\Users\Purva\snakebite_project\data\images\honeybee_sting\honeyBee_Sting5.jpg,Apis mellifera,Cytotoxic and Necrotic Venom,"Sharp, burning pain. Instant redness, swelling and itching around the site ",Immediate → hours,Anaphylaxis,"Remove stinger, wash, cold compress, antihistamine/analgesic; epinephrine if anaphylaxis",108,"visit hospital only if:breathing difficulty, severe swelling, stinger in eye or throat, Otherwise: home care is enough"
img_109,C:\Users\Purva\snakebite_project\data\images\honeybee_sting\honeyBee_Sting6.jpg,Apis mellifera,Cytotoxic and Necrotic Venom,"Sharp, burning pain. Instant redness, swelling and itching around the site ",Immediate → hours,Anaphylaxis,"Remove stinger, wash, cold compress, antihistamine/analgesic; epinephrine if anaphylaxis",109,"visit hospital only if:breathing difficulty, severe swelling, stinger in eye or throat, Otherwise: home care is enough"
img_110,C:\Users\Purva\snakebite_project\data\images\hornet_bite\hornet_bite.jpg,Hornets,Cytotoxic Venom. Stinger NOT typically left behind,"sharp, intense pain. Redness, swelling and itching",Immediate,Worst: Anaphylaxis or multiple stings causing systemic toxicity,"Remove stinger (if present), cold compress, oral antihistamine, analgesic; seek urgent care if systemic signs",110,🚨 Urgent emergency care — high venom toxicity + swelling of airway
img_111,C:\Users\Purva\snakebite_project\data\images\hornet_bite\hornet_bite2.jpg,Hornets,Cytotoxic Venom. Stinger NOT typically left behind,"sharp, intense pain. Redness, swelling and itching",Immediate,Worst: Anaphylaxis or multiple stings causing systemic toxicity,"Remove stinger (if present), cold compress, oral antihistamine, analgesic; seek urgent care if systemic signs",111,🚨 Urgent emergency care — high venom toxicity + swelling of airway
img_112,C:\Users\Purva\snakebite_project\data\images\hornet_bite\hornet_bite3.jpg,Hornets,Cytotoxic Venom. Stinger NOT typically left behind,"sharp, intense pain. Redness, swelling and itching",Immediate,Worst: Anaphylaxis or multiple stings causing systemic toxicity,"Remove stinger (if present), cold compress, oral antihistamine, analgesic; seek urgent care if systemic signs",112,🚨 Urgent emergency care — high venom toxicity + swelling of airway
img_113,C:\Users\Purva\snakebite_project\data\images\hynopetra_sting\hynopetra_stings1.jpg,Hymenoptera,Cytotoxic Venom,"This is the scientific order for bees, wasps, ants. Symptoms are the same as above",Immediate,Worst: Anaphylaxis,"Cold pack, wash, antihistamine, analgesic; emergency care if systemic reaction",113,hospital if systemic symptoms
img_114,C:\Users\Purva\snakebite_project\data\images\loxosceles_recluse_bite\Loxosceles_recluse_bite1.jpg,Loxosceles reclusa,Cytotoxic and Hemotoxic venom,"often painless initially. Redness and a ""bullseye"" pattern may appear",Often delayed: 24–72+ hours,"Worst: Necrosis, infection, rare systemic hemolysis","Clean wound, cold pack, keep elevated; seek medical assessment early to monitor necrosis and wound care. Avoid unnecessary early surgery; antibiotics if secondary infection",114,"🏥 Seek hospital — necrosis risk, requires monitoring"
img_115,C:\Users\Purva\snakebite_project\data\images\loxosceles_recluse_bite\Loxosceles_recluse_bite2.jpg,Loxosceles reclusa,Cytotoxic and Hemotoxic venom,"often painless initially. Redness and a ""bullseye"" pattern may appear",Often delayed: 24–72+ hours,"Worst: Necrosis, infection, rare systemic hemolysis","Clean wound, cold pack, keep elevated; seek medical assessment early to monitor necrosis and wound care. Avoid unnecessary early surgery; antibiotics if secondary infection",115,"🏥 Seek hospital — necrosis risk, requires monitoring"
img_116,C:\Users\Purva\snakebite_project\data\images\loxosceles_recluse_bite\Loxosceles_recluse_bite3.jpg,Loxosceles reclusa,Cytotoxic and Hemotoxic venom,"often painless initially. Redness and a ""bullseye"" pattern may appear",Often delayed: 24–72+ hours,"Worst: Necrosis, infection, rare systemic hemolysis","Clean wound, cold pack, keep elevated; seek medical assessment early to monitor necrosis and wound care. Avoid unnecessary early surgery; antibiotics if secondary infection",116,"🏥 Seek hospital — necrosis risk, requires monitoring"
img_117,C:\Users\Purva\snakebite_project\data\images\loxosceles_recluse_bite\Loxosceles_recluse_bite4.jpg,Loxosceles reclusa,Cytotoxic and Hemotoxic venom,"often painless initially. Redness and a ""bullseye"" pattern may appear",Often delayed: 24–72+ hours,"Worst: Necrosis, infection, rare systemic hemolysis","Clean wound, cold pack, keep elevated; seek medical assessment early to monitor necrosis and wound care. Avoid unnecessary early surgery; antibiotics if secondary infection",117,"🏥 Seek hospital — necrosis risk, requires monitoring"
img_118,C:\Users\Purva\snakebite_project\data\images\loxosceles_recluse_bite\Loxosceles_recluse_bite5.jpg,Loxosceles reclusa,Cytotoxic and Hemotoxic venom,"often painless initially. Redness and a ""bullseye"" pattern may appear",Often delayed: 24–72+ hours,"Worst: Necrosis, infection, rare systemic hemolysis","Clean wound, cold pack, keep elevated; seek medical assessment early to monitor necrosis and wound care. Avoid unnecessary early surgery; antibiotics if secondary infection",118,"🏥 Seek hospital — necrosis risk, requires monitoring"
img_119,C:\Users\Purva\snakebite_project\data\images\loxosceles_recluse_bite\Loxosceles_recluse_bite6.jpg,Loxosceles reclusa,Cytotoxic and Hemotoxic venom,"often painless initially. Redness and a ""bullseye"" pattern may appear",Often delayed: 24–72+ hours,"Worst: Necrosis, infection, rare systemic hemolysis","Clean wound, cold pack, keep elevated; seek medical assessment early to monitor necrosis and wound care. Avoid unnecessary early surgery; antibiotics if secondary infection",119,"🏥 Seek hospital — necrosis risk, requires monitoring"
img_120,C:\Users\Purva\snakebite_project\data\images\loxosceles_recluse_bite\Loxosceles_recluse_bite7.jpg,Loxosceles reclusa,Cytotoxic and Hemotoxic venom,"often painless initially. Redness and a ""bullseye"" pattern may appear",Often delayed: 24–72+ hours,"Worst: Necrosis, infection, rare systemic hemolysis","Clean wound, cold pack, keep elevated; seek medical assessment early to monitor necrosis and wound care. Avoid unnecessary early surgery; antibiotics if secondary infection",120,"🏥 Seek hospital — necrosis risk, requires monitoring"
img_121,C:\Users\Purva\snakebite_project\data\images\loxosceles_rufescens_bite\Loxosceles_rufescens_bite1.jpg,Loxosceles rufescens,Cytotoxic and Hemotoxic venom,"Very similar to the Brown Recluse bite, but often less severe. Can cause a necrotic lesion",Delayed 24–72h,Worst: Necrotic ulcer,"Clean, cold pack, keep elevated, medical follow-up",121,"🏥 Seek hospital — necrosis risk, requires monitoring"
img_122,C:\Users\Purva\snakebite_project\data\images\loxosceles_rufescens_bite\Loxosceles_rufescens_bite2.jpg,Loxosceles rufescens,Cytotoxic and Hemotoxic venom,"Very similar to the Brown Recluse bite, but often less severe. Can cause a necrotic lesion",Delayed 24–72h,Worst: Necrotic ulcer,"Clean, cold pack, keep elevated, medical follow-up",122,"🏥 Seek hospital — necrosis risk, requires monitoring"
img_123,C:\Users\Purva\snakebite_project\data\images\mud_dauber_bite\mud_Dauber1.jpg,Mud Dauber Wasp,Cytotoxic Venom (mild),"Pain, redness, and slight swelling. They are not aggressive and stings are rare",Immediate,Worst: Allergic reaction very rare,"Clean area, cold compress, analgesic, antihistamine for itching",123,Optional — hospital only if allergic reaction
img_124,C:\Users\Purva\snakebite_project\data\images\mud_dauber_bite\mud_Dauber2.jpg,Mud Dauber Wasp,Cytotoxic Venom (mild),"Pain, redness, and slight swelling. They are not aggressive and stings are rare",Immediate,Worst: Allergic reaction very rare,"Clean area, cold compress, analgesic, antihistamine for itching",124,Optional — hospital only if allergic reaction
img_125,C:\Users\Purva\snakebite_project\data\images\recluse_spider_bite\recluse_spider_bite2.jpg,Recluse Spider,Cytotoxic and Hemotoxic Venom,"Often painless initilly or feels like a mild sting. Redness develops, which may progress to a ""bullseye"" lesion (red ring with a pale or blue center)",Delayed,Moderate: Necrosis,"Wash, cold pack, seek medical assessment",125,🏥 Seek hospital — suspected necrotic arachnidism
img_126,C:\Users\Purva\snakebite_project\data\images\red_imported_fire_ant_bite\Red_imported_fire_ant_bite1.jpg,Solenopsis invicta,Alkaloid Venom,Intense burning and itching,Immediate → pustules over hours,Moderate:Systemic allergic reaction,"Remove ants, cold compress, oral antihistamine, topical steroid for itching; see doctor for large reactions",126,hospital if systemic allergic symptoms appear
img_127,C:\Users\Purva\snakebite_project\data\images\red_imported_fire_ant_bite\red_imported_fire_ant_bite2.jpg,Solenopsis invicta,Alkaloid Venom,Intense burning and itching,Immediate → pustules over hours,Moderate:Systemic allergic reaction,"Remove ants, cold compress, oral antihistamine, topical steroid for itching; see doctor for large reactions",127,hospital if systemic allergic symptoms appear
img_128,C:\Users\Purva\snakebite_project\data\images\red_imported_fire_ant_bite\red_imported_fire_ant_bite3.jpg,Solenopsis invicta,Alkaloid Venom,Intense burning and itching,Immediate → pustules over hours,Moderate:Systemic allergic reaction,"Remove ants, cold compress, oral antihistamine, topical steroid for itching; see doctor for large reactions",128,hospital if systemic allergic symptoms appear
img_129,C:\Users\Purva\snakebite_project\data\images\red_imported_fire_ant_bite\red_imported_fire_ant_bite4.jpg,Solenopsis invicta,Alkaloid Venom,Intense burning and itching,Immediate → pustules over hours,Moderate:Systemic allergic reaction,"Remove ants, cold compress, oral antihistamine, topical steroid for itching; see doctor for large reactions",129,hospital if systemic allergic symptoms appear
img_130,C:\Users\Purva\snakebite_project\data\images\wasp_stings\wasp_stings1.jpg,Wasp,Cytotoxic Venom,"Sharp, intense pain. Redness, swelling and itching",Immediate,Worst: Anaphylaxis,"Clean, cold compress, antihistamine, analgesics; epinephrine for anaphylaxis",130,hospital if swelling spreads or breathing difficulty
img_131,C:\Users\Purva\snakebite_project\data\images\wasp_stings\wasp_stings2.jpg,Wasp,Cytotoxic Venom,"Sharp, intense pain. Redness, swelling and itching",Immediate,Worst: Anaphylaxis,"Clean, cold compress, antihistamine, analgesics; epinephrine for anaphylaxis",131,hospital if swelling spreads or breathing difficulty
img_132,C:\Users\Purva\snakebite_project\data\images\wasp_stings\wasp_stings3.jpg,Wasp,Cytotoxic Venom,"Sharp, intense pain. Redness, swelling and itching",Immediate,Worst: Anaphylaxis,"Clean, cold compress, antihistamine, analgesics; epinephrine for anaphylaxis",132,hospital if swelling spreads or breathing difficulty
img_133,C:\Users\Purva\snakebite_project\data\images\wasp_stings\wasp_stings4.jpg,Wasp,Cytotoxic Venom,"Sharp, intense pain. Redness, swelling and itching",Immediate,Worst: Anaphylaxis,"Clean, cold compress, antihistamine, analgesics; epinephrine for anaphylaxis",133,hospital if swelling spreads or breathing difficulty
img_134,C:\Users\Purva\snakebite_project\data\images\wasp_stings\wasp_stings5.jpg,Wasp,Cytotoxic Venom,"Sharp, intense pain. Redness, swelling and itching",Immediate,Worst: Anaphylaxis,"Clean, cold compress, antihistamine, analgesics; epinephrine for anaphylaxis",134,hospital if swelling spreads or breathing difficulty
img_135,C:\Users\Purva\snakebite_project\data\images\wasp_stings\wasp_stings6.jpg,Wasp,Cytotoxic Venom,"Sharp, intense pain. Redness, swelling and itching",Immediate,Worst: Anaphylaxis,"Clean, cold compress, antihistamine, analgesics; epinephrine for anaphylaxis",135,hospital if swelling spreads or breathing difficulty
img_136,C:\Users\Purva\snakebite_project\data\images\wasp_stings\wasp_stings7.jpg,Wasp,Cytotoxic Venom,"Sharp, intense pain. Redness, swelling and itching",Immediate,Worst: Anaphylaxis,"Clean, cold compress, antihistamine, analgesics; epinephrine for anaphylaxis",136,hospital if swelling spreads or breathing difficulty
img_137,C:\Users\Purva\snakebite_project\data\images\yellow_jacket_sting\yellow_Jacket_Bite.webp,Yellow Jackets,Cytotoxic Venom. Stinger NOT typically left behind,"sharp, intense pain. Redness, swelling and itching",Immediate; delayed swelling may peak 24–48 hours,Moderate:Severe allergic reaction,"Remove stinger if present (yellow jackets do not leave stinger usually), cold compress, antihistamines, topical steroids for large local reaction; seek care if breathing difficulties",137,hospital if large local reaction or multiple stings
img_138,C:\Users\Purva\snakebite_project\data\images\yellow_jacket_sting\yellow_jacket_sting1_40hrs.webp,Yellow Jackets,Cytotoxic Venom. Stinger NOT typically left behind,"sharp, intense pain. Redness, swelling and itching",Immediate; delayed swelling may peak 24–48 hours,Moderate:Severe allergic reaction,"Remove stinger if present (yellow jackets do not leave stinger usually), cold compress, antihistamines, topical steroids for large local reaction; seek care if breathing difficulties",138,hospital if large local reaction or multiple stings
img_139,C:\Users\Purva\snakebite_project\data\images\yellow_jacket_sting\yellow_jacket_sting2_24hrs.webp,Yellow Jackets,Cytotoxic Venom. Stinger NOT typically left behind,"sharp, intense pain. Redness, swelling and itching",Immediate; delayed swelling may peak 24–48 hours,Moderate:Severe allergic reaction,"Remove stinger if present (yellow jackets do not leave stinger usually), cold compress, antihistamines, topical steroids for large local reaction; seek care if breathing difficulties",139,hospital if large local reaction or multiple stings
img_140,C:\Users\Purva\snakebite_project\data\images\yellow_jacket_sting\yellow_jacket_stings.jpg,Yellow Jackets,Cytotoxic Venom. Stinger NOT typically left behind,"sharp, intense pain. Redness, swelling and itching",Immediate; delayed swelling may peak 24–48 hours,Moderate:Severe allergic reaction,"Remove stinger if present (yellow jackets do not leave stinger usually), cold compress, antihistamines, topical steroids for large local reaction; seek care if breathing difficulties",140,hospital if large local reaction or multiple stings
img_141,C:\Users\Purva\snakebite_project\data\images\yellow_jacket_sting\yellow_jacket_stings2.jpg,Yellow Jackets,Cytotoxic Venom. Stinger NOT typically left behind,"sharp, intense pain. Redness, swelling and itching",Immediate; delayed swelling may peak 24–48 hours,Moderate:Severe allergic reaction,"Remove stinger if present (yellow jackets do not leave stinger usually), cold compress, antihistamines, topical steroids for large local reaction; seek care if breathing difficulties",141,hospital if large local reaction or multiple stings